Driver,LapNumber,LapTime,Stint,Compound,TyreLife,TrackStatus,Position
VER,1.0,0 days 00:01:39.019000,1.0,SOFT,4.0,12,1.0
VER,2.0,0 days 00:01:37.974000,1.0,SOFT,5.0,12,1.0
VER,3.0,0 days 00:01:38.006000,1.0,SOFT,6.0,1,1.0
VER,4.0,0 days 00:01:37.976000,1.0,SOFT,7.0,1,1.0
VER,5.0,0 days 00:01:38.035000,1.0,SOFT,8.0,1,1.0
VER,6.0,0 days 00:01:37.986000,1.0,SOFT,9.0,1,1.0
VER,7.0,0 days 00:01:38.021000,1.0,SOFT,10.0,1,1.0
VER,8.0,0 days 00:01:38.154000,1.0,SOFT,11.0,1,1.0
VER,9.0,0 days 00:01:38.278000,1.0,SOFT,12.0,1,1.0
VER,10.0,0 days 00:01:38.369000,1.0,SOFT,13.0,1,1.0
VER,11.0,0 days 00:01:38.483000,1.0,SOFT,14.0,1,1.0
VER,12.0,0 days 00:01:38.591000,1.0,SOFT,15.0,1,1.0
VER,13.0,0 days 00:01:38.482000,1.0,SOFT,16.0,1,1.0
VER,14.0,0 days 00:01:41.295000,1.0,SOFT,17.0,1,1.0
VER,15.0,0 days 00:01:58.378000,2.0,SOFT,1.0,1,2.0
VER,16.0,0 days 00:01:37.801000,2.0,SOFT,2.0,1,2.0
VER,17.0,0 days 00:01:37.648000,2.0,SOFT,3.0,1,2.0
VER,18.0,0 days 00:01:37.614000,2.0,SOFT,4.0,1,1.0
VER,19.0,0 days 00:01:37.712000,2.0,SOFT,5.0,1,1.0
VER,20.0,0 days 00:01:37.788000,2.0,SOFT,6.0,1,1.0
VER,21.0,0 days 00:01:37.582000,2.0,SOFT,7.0,1,1.0
VER,22.0,0 days 00:01:37.651000,2.0,SOFT,8.0,1,1.0
VER,23.0,0 days 00:01:37.552000,2.0,SOFT,9.0,1,1.0
VER,24.0,0 days 00:01:37.387000,2.0,SOFT,10.0,1,1.0
VER,25.0,0 days 00:01:37.372000,2.0,SOFT,11.0,1,1.0
VER,26.0,0 days 00:01:37.682000,2.0,SOFT,12.0,1,1.0
VER,27.0,0 days 00:01:37.379000,2.0,SOFT,13.0,1,1.0
VER,28.0,0 days 00:01:37.651000,2.0,SOFT,14.0,1,1.0
VER,29.0,0 days 00:01:37.571000,2.0,SOFT,15.0,1,1.0
VER,30.0,0 days 00:01:37.549000,2.0,SOFT,16.0,1,1.0
VER,31.0,0 days 00:01:37.431000,2.0,SOFT,17.0,1,1.0
VER,32.0,0 days 00:01:37.691000,2.0,SOFT,18.0,1,1.0
VER,33.0,0 days 00:01:37.686000,2.0,SOFT,19.0,1,1.0
VER,34.0,0 days 00:01:37.839000,2.0,SOFT,20.0,1,1.0
VER,35.0,0 days 00:01:37.850000,2.0,SOFT,21.0,1,1.0
VER,36.0,0 days 00:01:40.964000,2.0,SOFT,22.0,1,1.0
VER,37.0,0 days 00:01:58.490000,3.0,HARD,1.0,1,1.0
VER,38.0,0 days 00:01:36.297000,3.0,HARD,2.0,1,1.0
VER,39.0,0 days 00:01:36.446000,3.0,HARD,3.0,1,1.0
VER,40.0,0 days 00:01:36.942000,3.0,HARD,4.0,1,1.0
VER,41.0,0 days 00:02:00.495000,3.0,HARD,5.0,126,1.0
VER,42.0,0 days 00:01:44.824000,3.0,HARD,6.0,671,1.0
VER,43.0,0 days 00:01:36.890000,3.0,HARD,7.0,1,1.0
VER,44.0,0 days 00:01:36.236000,3.0,HARD,8.0,1,1.0
VER,45.0,0 days 00:01:37.015000,3.0,HARD,9.0,1,1.0
VER,46.0,0 days 00:01:36.701000,3.0,HARD,10.0,1,1.0
VER,47.0,0 days 00:01:37.009000,3.0,HARD,11.0,1,1.0
VER,48.0,0 days 00:01:36.918000,3.0,HARD,12.0,1,1.0
VER,49.0,0 days 00:01:36.962000,3.0,HARD,13.0,1,1.0
VER,50.0,0 days 00:01:37.250000,3.0,HARD,14.0,1,1.0
VER,51.0,0 days 00:01:37.427000,3.0,HARD,15.0,1,1.0
VER,52.0,0 days 00:01:36.919000,3.0,HARD,16.0,1,1.0
VER,53.0,0 days 00:01:36.890000,3.0,HARD,17.0,1,1.0
VER,54.0,0 days 00:01:36.678000,3.0,HARD,18.0,1,1.0
VER,55.0,0 days 00:01:36.322000,3.0,HARD,19.0,1,1.0
VER,56.0,0 days 00:01:37.205000,3.0,HARD,20.0,1,1.0
VER,57.0,0 days 00:01:36.373000,3.0,HARD,21.0,1,1.0
GAS,1.0,0 days 00:01:49.649000,1.0,SOFT,1.0,12,19.0
GAS,2.0,0 days 00:01:40.438000,1.0,SOFT,2.0,21,18.0
GAS,3.0,0 days 00:01:40.643000,1.0,SOFT,3.0,1,18.0
GAS,4.0,0 days 00:01:40.894000,1.0,SOFT,4.0,1,18.0
GAS,5.0,0 days 00:01:40.818000,1.0,SOFT,5.0,1,18.0
GAS,6.0,0 days 00:01:41.110000,1.0,SOFT,6.0,1,18.0
GAS,7.0,0 days 00:01:41.134000,1.0,SOFT,7.0,1,18.0
GAS,8.0,0 days 00:01:41.173000,1.0,SOFT,8.0,1,18.0
GAS,9.0,0 days 00:01:44.201000,1.0,SOFT,9.0,1,19.0
GAS,10.0,0 days 00:02:01.262000,2.0,HARD,1.0,1,20.0
GAS,11.0,0 days 00:01:38.762000,2.0,HARD,2.0,1,19.0
GAS,12.0,0 days 00:01:38.928000,2.0,HARD,3.0,1,17.0
GAS,13.0,0 days 00:01:39.349000,2.0,HARD,4.0,1,14.0
GAS,14.0,0 days 00:01:38.859000,2.0,HARD,5.0,1,14.0
GAS,15.0,0 days 00:01:38.985000,2.0,HARD,6.0,1,14.0
GAS,16.0,0 days 00:01:38.945000,2.0,HARD,7.0,1,12.0
GAS,17.0,0 days 00:01:39.011000,2.0,HARD,8.0,1,12.0
GAS,18.0,0 days 00:01:39.029000,2.0,HARD,9.0,1,12.0
GAS,19.0,0 days 00:01:39.066000,2.0,HARD,10.0,1,12.0
GAS,20.0,0 days 00:01:39.017000,2.0,HARD,11.0,1,12.0
GAS,21.0,0 days 00:01:39.327000,2.0,HARD,12.0,1,12.0
GAS,22.0,0 days 00:01:39.485000,2.0,HARD,13.0,1,12.0
GAS,23.0,0 days 00:01:39.263000,2.0,HARD,14.0,1,12.0
GAS,24.0,0 days 00:01:39.761000,2.0,HARD,15.0,1,12.0
GAS,25.0,0 days 00:01:42.288000,2.0,HARD,16.0,1,12.0
GAS,26.0,0 days 00:01:59.404000,3.0,HARD,1.0,1,17.0
GAS,27.0,0 days 00:01:38.729000,3.0,HARD,2.0,1,15.0
GAS,28.0,0 days 00:01:37.761000,3.0,HARD,3.0,1,14.0
GAS,29.0,0 days 00:01:38.012000,3.0,HARD,4.0,1,14.0
GAS,30.0,0 days 00:01:37.760000,3.0,HARD,5.0,1,13.0
GAS,31.0,0 days 00:01:37.968000,3.0,HARD,6.0,1,12.0
GAS,32.0,0 days 00:01:38.012000,3.0,HARD,7.0,1,12.0
GAS,33.0,0 days 00:01:37.974000,3.0,HARD,8.0,1,11.0
GAS,34.0,0 days 00:01:38.022000,3.0,HARD,9.0,1,11.0
GAS,35.0,0 days 00:01:38.088000,3.0,HARD,10.0,1,11.0
GAS,36.0,0 days 00:01:38.184000,3.0,HARD,11.0,1,11.0
GAS,37.0,0 days 00:01:38.133000,3.0,HARD,12.0,1,11.0
GAS,38.0,0 days 00:01:38.108000,3.0,HARD,13.0,1,11.0
GAS,39.0,0 days 00:01:38.537000,3.0,HARD,14.0,1,11.0
GAS,40.0,0 days 00:01:49.707000,3.0,HARD,15.0,126,10.0
GAS,41.0,0 days 00:02:08.544000,4.0,SOFT,1.0,671,10.0
GAS,42.0,0 days 00:01:35.068000,4.0,SOFT,2.0,1,9.0
GAS,43.0,0 days 00:01:35.942000,4.0,SOFT,3.0,1,9.0
GAS,44.0,0 days 00:01:35.792000,4.0,SOFT,4.0,1,9.0
GAS,45.0,0 days 00:01:36.186000,4.0,SOFT,5.0,1,9.0
GAS,46.0,0 days 00:01:36.041000,4.0,SOFT,6.0,1,9.0
GAS,47.0,0 days 00:01:36.120000,4.0,SOFT,7.0,1,9.0
GAS,48.0,0 days 00:01:36.368000,4.0,SOFT,8.0,1,9.0
GAS,49.0,0 days 00:01:36.803000,4.0,SOFT,9.0,1,9.0
GAS,50.0,0 days 00:01:36.551000,4.0,SOFT,10.0,1,9.0
GAS,51.0,0 days 00:01:36.635000,4.0,SOFT,11.0,1,9.0
GAS,52.0,0 days 00:01:36.891000,4.0,SOFT,12.0,1,9.0
GAS,53.0,0 days 00:01:36.979000,4.0,SOFT,13.0,1,9.0
GAS,54.0,0 days 00:01:37.222000,4.0,SOFT,14.0,1,9.0
GAS,55.0,0 days 00:01:37.559000,4.0,SOFT,15.0,1,9.0
GAS,56.0,0 days 00:01:37.845000,4.0,SOFT,16.0,1,9.0
GAS,57.0,0 days 00:01:38.147000,4.0,SOFT,17.0,1,9.0
PER,1.0,0 days 00:01:41.063000,1.0,SOFT,4.0,12,3.0
PER,2.0,0 days 00:01:38.862000,1.0,SOFT,5.0,21,3.0
PER,3.0,0 days 00:01:38.830000,1.0,SOFT,6.0,1,3.0
PER,4.0,0 days 00:01:38.758000,1.0,SOFT,7.0,1,3.0
PER,5.0,0 days 00:01:38.404000,1.0,SOFT,8.0,1,3.0
PER,6.0,0 days 00:01:38.718000,1.0,SOFT,9.0,1,3.0
PER,7.0,0 days 00:01:38.804000,1.0,SOFT,10.0,1,3.0
PER,8.0,0 days 00:01:39.172000,1.0,SOFT,11.0,1,3.0
PER,9.0,0 days 00:01:38.914000,1.0,SOFT,12.0,1,3.0
PER,10.0,0 days 00:01:39.085000,1.0,SOFT,13.0,1,3.0
PER,11.0,0 days 00:01:39.249000,1.0,SOFT,14.0,1,3.0
PER,12.0,0 days 00:01:39.197000,1.0,SOFT,15.0,1,3.0
PER,13.0,0 days 00:01:39.336000,1.0,SOFT,16.0,1,2.0
PER,14.0,0 days 00:01:38.739000,1.0,SOFT,17.0,1,2.0
PER,15.0,0 days 00:01:38.608000,1.0,SOFT,18.0,1,1.0
PER,16.0,0 days 00:01:38.770000,1.0,SOFT,19.0,1,1.0
PER,17.0,0 days 00:01:41.360000,1.0,SOFT,20.0,1,1.0
PER,18.0,0 days 00:01:58.797000,2.0,SOFT,3.0,1,3.0
PER,19.0,0 days 00:01:37.659000,2.0,SOFT,4.0,1,3.0
PER,20.0,0 days 00:01:37.448000,2.0,SOFT,5.0,1,3.0
PER,21.0,0 days 00:01:37.240000,2.0,SOFT,6.0,1,3.0
PER,22.0,0 days 00:01:37.169000,2.0,SOFT,7.0,1,3.0
PER,23.0,0 days 00:01:37.304000,2.0,SOFT,8.0,1,3.0
PER,24.0,0 days 00:01:37.352000,2.0,SOFT,9.0,1,3.0
PER,25.0,0 days 00:01:38.418000,2.0,SOFT,10.0,1,3.0
PER,26.0,0 days 00:01:37.454000,2.0,SOFT,11.0,1,2.0
PER,27.0,0 days 00:01:37.387000,2.0,SOFT,12.0,1,2.0
PER,28.0,0 days 00:01:37.211000,2.0,SOFT,13.0,1,2.0
PER,29.0,0 days 00:01:37.733000,2.0,SOFT,14.0,1,2.0
PER,30.0,0 days 00:01:37.400000,2.0,SOFT,15.0,1,2.0
PER,31.0,0 days 00:01:37.919000,2.0,SOFT,16.0,1,2.0
PER,32.0,0 days 00:01:37.722000,2.0,SOFT,17.0,1,2.0
PER,33.0,0 days 00:01:37.869000,2.0,SOFT,18.0,1,2.0
PER,34.0,0 days 00:01:40.686000,2.0,SOFT,19.0,1,2.0
PER,35.0,0 days 00:01:58.785000,3.0,HARD,1.0,1,2.0
PER,36.0,0 days 00:01:36.820000,3.0,HARD,2.0,1,2.0
PER,37.0,0 days 00:01:36.344000,3.0,HARD,3.0,1,2.0
PER,38.0,0 days 00:01:36.431000,3.0,HARD,4.0,1,2.0
PER,39.0,0 days 00:01:36.429000,3.0,HARD,5.0,1,2.0
PER,40.0,0 days 00:01:37.114000,3.0,HARD,6.0,1,2.0
PER,41.0,0 days 00:02:03.522000,3.0,HARD,7.0,126,2.0
PER,42.0,0 days 00:01:39.657000,3.0,HARD,8.0,671,2.0
PER,43.0,0 days 00:01:36.554000,3.0,HARD,9.0,1,2.0
PER,44.0,0 days 00:01:36.978000,3.0,HARD,10.0,1,2.0
PER,45.0,0 days 00:01:36.928000,3.0,HARD,11.0,1,2.0
PER,46.0,0 days 00:01:37.257000,3.0,HARD,12.0,1,2.0
PER,47.0,0 days 00:01:36.661000,3.0,HARD,13.0,1,2.0
PER,48.0,0 days 00:01:36.859000,3.0,HARD,14.0,1,2.0
PER,49.0,0 days 00:01:37.049000,3.0,HARD,15.0,1,2.0
PER,50.0,0 days 00:01:37.731000,3.0,HARD,16.0,1,2.0
PER,51.0,0 days 00:01:37.049000,3.0,HARD,17.0,1,2.0
PER,52.0,0 days 00:01:37.062000,3.0,HARD,18.0,1,2.0
PER,53.0,0 days 00:01:37.345000,3.0,HARD,19.0,1,2.0
PER,54.0,0 days 00:01:37.296000,3.0,HARD,20.0,1,2.0
PER,55.0,0 days 00:01:37.092000,3.0,HARD,21.0,1,2.0
PER,56.0,0 days 00:01:36.565000,3.0,HARD,22.0,1,2.0
PER,57.0,0 days 00:01:36.558000,3.0,HARD,23.0,1,2.0
ALO,1.0,0 days 00:01:43.608000,1.0,SOFT,4.0,12,7.0
ALO,2.0,0 days 00:01:39.792000,1.0,SOFT,5.0,21,7.0
ALO,3.0,0 days 00:01:39.100000,1.0,SOFT,6.0,1,7.0
ALO,4.0,0 days 00:01:39.548000,1.0,SOFT,7.0,1,7.0
ALO,5.0,0 days 00:01:39.662000,1.0,SOFT,8.0,1,7.0
ALO,6.0,0 days 00:01:39.674000,1.0,SOFT,9.0,1,7.0
ALO,7.0,0 days 00:01:39.729000,1.0,SOFT,10.0,1,7.0
ALO,8.0,0 days 00:01:39.959000,1.0,SOFT,11.0,1,7.0
ALO,9.0,0 days 00:01:40.275000,1.0,SOFT,12.0,1,7.0
ALO,10.0,0 days 00:01:40.203000,1.0,SOFT,13.0,1,7.0
ALO,11.0,0 days 00:01:41.147000,1.0,SOFT,14.0,1,7.0
ALO,12.0,0 days 00:01:40.934000,1.0,SOFT,15.0,1,6.0
ALO,13.0,0 days 00:01:40.341000,1.0,SOFT,16.0,1,5.0
ALO,14.0,0 days 00:01:42.212000,1.0,SOFT,17.0,1,4.0
ALO,15.0,0 days 00:01:59.692000,2.0,HARD,1.0,1,8.0
ALO,16.0,0 days 00:01:37.542000,2.0,HARD,2.0,1,7.0
ALO,17.0,0 days 00:01:38.139000,2.0,HARD,3.0,1,6.0
ALO,18.0,0 days 00:01:38.124000,2.0,HARD,4.0,1,6.0
ALO,19.0,0 days 00:01:38.361000,2.0,HARD,5.0,1,6.0
ALO,20.0,0 days 00:01:38.318000,2.0,HARD,6.0,1,6.0
ALO,21.0,0 days 00:01:38.407000,2.0,HARD,7.0,1,6.0
ALO,22.0,0 days 00:01:38.200000,2.0,HARD,8.0,1,6.0
ALO,23.0,0 days 00:01:37.853000,2.0,HARD,9.0,1,6.0
ALO,24.0,0 days 00:01:37.878000,2.0,HARD,10.0,1,6.0
ALO,25.0,0 days 00:01:38.139000,2.0,HARD,11.0,1,6.0
ALO,26.0,0 days 00:01:38.127000,2.0,HARD,12.0,1,6.0
ALO,27.0,0 days 00:01:38.612000,2.0,HARD,13.0,1,6.0
ALO,28.0,0 days 00:01:38.199000,2.0,HARD,14.0,1,6.0
ALO,29.0,0 days 00:01:38.585000,2.0,HARD,15.0,1,6.0
ALO,30.0,0 days 00:01:38.282000,2.0,HARD,16.0,1,5.0
ALO,31.0,0 days 00:01:38.009000,2.0,HARD,17.0,1,5.0
ALO,32.0,0 days 00:01:37.871000,2.0,HARD,18.0,1,4.0
ALO,33.0,0 days 00:01:37.769000,2.0,HARD,19.0,1,4.0
ALO,34.0,0 days 00:01:40.353000,2.0,HARD,20.0,1,3.0
ALO,35.0,0 days 00:01:57.389000,3.0,HARD,1.0,1,6.0
ALO,36.0,0 days 00:01:36.156000,3.0,HARD,2.0,1,6.0
ALO,37.0,0 days 00:01:37.431000,3.0,HARD,3.0,1,6.0
ALO,38.0,0 days 00:01:37.002000,3.0,HARD,4.0,1,5.0
ALO,39.0,0 days 00:01:37.243000,3.0,HARD,5.0,1,5.0
ALO,40.0,0 days 00:01:37.208000,3.0,HARD,6.0,12,4.0
ALO,41.0,0 days 00:02:06.713000,3.0,HARD,7.0,2671,4.0
ALO,42.0,0 days 00:01:36.334000,3.0,HARD,8.0,1,4.0
ALO,43.0,0 days 00:01:36.911000,3.0,HARD,9.0,1,4.0
ALO,44.0,0 days 00:01:37.022000,3.0,HARD,10.0,1,4.0
ALO,45.0,0 days 00:01:37.931000,3.0,HARD,11.0,1,3.0
ALO,46.0,0 days 00:01:37.087000,3.0,HARD,12.0,1,3.0
ALO,47.0,0 days 00:01:37.326000,3.0,HARD,13.0,1,3.0
ALO,48.0,0 days 00:01:36.783000,3.0,HARD,14.0,1,3.0
ALO,49.0,0 days 00:01:36.726000,3.0,HARD,15.0,1,3.0
ALO,50.0,0 days 00:01:36.331000,3.0,HARD,16.0,1,3.0
ALO,51.0,0 days 00:01:36.960000,3.0,HARD,17.0,1,3.0
ALO,52.0,0 days 00:01:37.010000,3.0,HARD,18.0,1,3.0
ALO,53.0,0 days 00:01:37.010000,3.0,HARD,19.0,1,3.0
ALO,54.0,0 days 00:01:37.599000,3.0,HARD,20.0,1,3.0
ALO,55.0,0 days 00:01:37.662000,3.0,HARD,21.0,1,3.0
ALO,56.0,0 days 00:01:37.473000,3.0,HARD,22.0,1,3.0
ALO,57.0,0 days 00:01:37.422000,3.0,HARD,23.0,1,3.0
LEC,1.0,0 days 00:01:40.230000,1.0,SOFT,1.0,12,2.0
LEC,2.0,0 days 00:01:38.750000,1.0,SOFT,2.0,21,2.0
LEC,3.0,0 days 00:01:38.658000,1.0,SOFT,3.0,1,2.0
LEC,4.0,0 days 00:01:38.825000,1.0,SOFT,4.0,1,2.0
LEC,5.0,0 days 00:01:38.664000,1.0,SOFT,5.0,1,2.0
LEC,6.0,0 days 00:01:38.572000,1.0,SOFT,6.0,1,2.0
LEC,7.0,0 days 00:01:38.691000,1.0,SOFT,7.0,1,2.0
LEC,8.0,0 days 00:01:38.614000,1.0,SOFT,8.0,1,2.0
LEC,9.0,0 days 00:01:38.828000,1.0,SOFT,9.0,1,2.0
LEC,10.0,0 days 00:01:39.073000,1.0,SOFT,10.0,1,2.0
LEC,11.0,0 days 00:01:39.212000,1.0,SOFT,11.0,1,2.0
LEC,12.0,0 days 00:01:39.489000,1.0,SOFT,12.0,1,2.0
LEC,13.0,0 days 00:01:42.068000,1.0,SOFT,13.0,1,3.0
LEC,14.0,0 days 00:01:58.770000,2.0,HARD,1.0,1,5.0
LEC,15.0,0 days 00:01:38.477000,2.0,HARD,2.0,1,3.0
LEC,16.0,0 days 00:01:37.953000,2.0,HARD,3.0,1,3.0
LEC,17.0,0 days 00:01:38.031000,2.0,HARD,4.0,1,3.0
LEC,18.0,0 days 00:01:37.798000,2.0,HARD,5.0,1,2.0
LEC,19.0,0 days 00:01:37.858000,2.0,HARD,6.0,1,2.0
LEC,20.0,0 days 00:01:37.631000,2.0,HARD,7.0,1,2.0
LEC,21.0,0 days 00:01:37.753000,2.0,HARD,8.0,1,2.0
LEC,22.0,0 days 00:01:38.162000,2.0,HARD,9.0,1,2.0
LEC,23.0,0 days 00:01:38.054000,2.0,HARD,10.0,1,2.0
LEC,24.0,0 days 00:01:37.972000,2.0,HARD,11.0,1,2.0
LEC,25.0,0 days 00:01:38.541000,2.0,HARD,12.0,1,2.0
LEC,26.0,0 days 00:01:39.668000,2.0,HARD,13.0,1,3.0
LEC,27.0,0 days 00:01:38.814000,2.0,HARD,14.0,1,3.0
LEC,28.0,0 days 00:01:38.618000,2.0,HARD,15.0,1,3.0
LEC,29.0,0 days 00:01:38.447000,2.0,HARD,16.0,1,3.0
LEC,30.0,0 days 00:01:38.390000,2.0,HARD,17.0,1,3.0
LEC,31.0,0 days 00:01:38.746000,2.0,HARD,18.0,1,3.0
LEC,32.0,0 days 00:01:38.948000,2.0,HARD,19.0,1,3.0
LEC,33.0,0 days 00:01:41.323000,2.0,HARD,20.0,1,3.0
LEC,34.0,0 days 00:01:59.477000,3.0,HARD,1.0,1,4.0
LEC,35.0,0 days 00:01:38.073000,3.0,HARD,2.0,1,3.0
LEC,36.0,0 days 00:01:37.313000,3.0,HARD,3.0,1,3.0
LEC,37.0,0 days 00:01:37.170000,3.0,HARD,4.0,1,3.0
LEC,38.0,0 days 00:01:37.170000,3.0,HARD,5.0,1,3.0
LEC,39.0,0 days 00:01:37.287000,3.0,HARD,6.0,1,3.0
LEC,40.0,,3.0,HARD,7.0,1,
STR,1.0,0 days 00:01:44.670000,1.0,SOFT,4.0,12,9.0
STR,2.0,0 days 00:01:39.892000,1.0,SOFT,5.0,21,9.0
STR,3.0,0 days 00:01:39.625000,1.0,SOFT,6.0,1,9.0
STR,4.0,0 days 00:01:39.745000,1.0,SOFT,7.0,1,9.0
STR,5.0,0 days 00:01:39.144000,1.0,SOFT,8.0,1,8.0
STR,6.0,0 days 00:01:39.714000,1.0,SOFT,9.0,1,8.0
STR,7.0,0 days 00:01:39.945000,1.0,SOFT,10.0,1,8.0
STR,8.0,0 days 00:01:39.801000,1.0,SOFT,11.0,1,8.0
STR,9.0,0 days 00:01:40.106000,1.0,SOFT,12.0,1,8.0
STR,10.0,0 days 00:01:40.192000,1.0,SOFT,13.0,1,8.0
STR,11.0,0 days 00:01:40.923000,1.0,SOFT,14.0,1,8.0
STR,12.0,0 days 00:01:41.039000,1.0,SOFT,15.0,1,8.0
STR,13.0,0 days 00:01:41.120000,1.0,SOFT,16.0,1,6.0
STR,14.0,0 days 00:01:40.002000,1.0,SOFT,17.0,1,3.0
STR,15.0,0 days 00:01:42.841000,1.0,SOFT,18.0,1,4.0
STR,16.0,0 days 00:01:59.876000,2.0,HARD,1.0,1,9.0
STR,17.0,0 days 00:01:37.507000,2.0,HARD,2.0,1,9.0
STR,18.0,0 days 00:01:38.127000,2.0,HARD,3.0,1,9.0
STR,19.0,0 days 00:01:38.587000,2.0,HARD,4.0,1,9.0
STR,20.0,0 days 00:01:38.038000,2.0,HARD,5.0,1,8.0
STR,21.0,0 days 00:01:38.273000,2.0,HARD,6.0,1,8.0
STR,22.0,0 days 00:01:38.730000,2.0,HARD,7.0,1,8.0
STR,23.0,0 days 00:01:38.295000,2.0,HARD,8.0,1,8.0
STR,24.0,0 days 00:01:38.478000,2.0,HARD,9.0,1,8.0
STR,25.0,0 days 00:01:38.250000,2.0,HARD,10.0,1,8.0
STR,26.0,0 days 00:01:38.482000,2.0,HARD,11.0,1,8.0
STR,27.0,0 days 00:01:39.021000,2.0,HARD,12.0,1,8.0
STR,28.0,0 days 00:01:38.723000,2.0,HARD,13.0,1,8.0
STR,29.0,0 days 00:01:38.710000,2.0,HARD,14.0,1,8.0
STR,30.0,0 days 00:01:41.467000,2.0,HARD,15.0,1,8.0
STR,31.0,0 days 00:01:57.063000,3.0,HARD,1.0,1,8.0
STR,32.0,0 days 00:01:36.546000,3.0,HARD,2.0,1,7.0
STR,33.0,0 days 00:01:37.210000,3.0,HARD,3.0,1,7.0
STR,34.0,0 days 00:01:37.168000,3.0,HARD,4.0,1,7.0
STR,35.0,0 days 00:01:37.521000,3.0,HARD,5.0,1,7.0
STR,36.0,0 days 00:01:37.720000,3.0,HARD,6.0,1,7.0
STR,37.0,0 days 00:01:37.680000,3.0,HARD,7.0,1,7.0
STR,38.0,0 days 00:01:37.274000,3.0,HARD,8.0,1,7.0
STR,39.0,0 days 00:01:37.456000,3.0,HARD,9.0,1,7.0
STR,40.0,0 days 00:01:37.916000,3.0,HARD,10.0,126,6.0
STR,41.0,0 days 00:02:06.809000,3.0,HARD,11.0,671,6.0
STR,42.0,0 days 00:01:37.298000,3.0,HARD,12.0,1,6.0
STR,43.0,0 days 00:01:37.304000,3.0,HARD,13.0,1,6.0
STR,44.0,0 days 00:01:37.299000,3.0,HARD,14.0,1,6.0
STR,45.0,0 days 00:01:37.222000,3.0,HARD,15.0,1,6.0
STR,46.0,0 days 00:01:37.562000,3.0,HARD,16.0,1,6.0
STR,47.0,0 days 00:01:37.257000,3.0,HARD,17.0,1,6.0
STR,48.0,0 days 00:01:37.448000,3.0,HARD,18.0,1,6.0
STR,49.0,0 days 00:01:37.551000,3.0,HARD,19.0,1,6.0
STR,50.0,0 days 00:01:37.388000,3.0,HARD,20.0,1,6.0
STR,51.0,0 days 00:01:37.866000,3.0,HARD,21.0,1,6.0
STR,52.0,0 days 00:01:37.579000,3.0,HARD,22.0,1,6.0
STR,53.0,0 days 00:01:38.379000,3.0,HARD,23.0,1,6.0
STR,54.0,0 days 00:01:37.597000,3.0,HARD,24.0,1,6.0
STR,55.0,0 days 00:01:37.701000,3.0,HARD,25.0,1,6.0
STR,56.0,0 days 00:01:38.110000,3.0,HARD,26.0,1,6.0
STR,57.0,0 days 00:01:37.991000,3.0,HARD,27.0,1,6.0
SAR,1.0,0 days 00:01:46.855000,1.0,SOFT,1.0,12,13.0
SAR,2.0,0 days 00:01:40.467000,1.0,SOFT,2.0,21,13.0
SAR,3.0,0 days 00:01:40.349000,1.0,SOFT,3.0,1,13.0
SAR,4.0,0 days 00:01:40.644000,1.0,SOFT,4.0,1,13.0
SAR,5.0,0 days 00:01:40.902000,1.0,SOFT,5.0,1,13.0
SAR,6.0,0 days 00:01:40.791000,1.0,SOFT,6.0,1,13.0
SAR,7.0,0 days 00:01:40.892000,1.0,SOFT,7.0,1,13.0
SAR,8.0,0 days 00:01:40.868000,1.0,SOFT,8.0,1,13.0
SAR,9.0,0 days 00:01:40.908000,1.0,SOFT,9.0,1,13.0
SAR,10.0,0 days 00:01:41.133000,1.0,SOFT,10.0,1,12.0
SAR,11.0,0 days 00:01:41.532000,1.0,SOFT,11.0,1,11.0
SAR,12.0,0 days 00:01:43.880000,1.0,SOFT,12.0,1,10.0
SAR,13.0,0 days 00:02:00.255000,2.0,SOFT,1.0,1,15.0
SAR,14.0,0 days 00:01:38.413000,2.0,SOFT,2.0,1,15.0
SAR,15.0,0 days 00:01:39.033000,2.0,SOFT,3.0,1,15.0
SAR,16.0,0 days 00:01:38.988000,2.0,SOFT,4.0,1,13.0
SAR,17.0,0 days 00:01:39.439000,2.0,SOFT,5.0,1,13.0
SAR,18.0,0 days 00:01:39.399000,2.0,SOFT,6.0,1,13.0
SAR,19.0,0 days 00:01:39.220000,2.0,SOFT,7.0,1,13.0
SAR,20.0,0 days 00:01:39.186000,2.0,SOFT,8.0,1,13.0
SAR,21.0,0 days 00:01:39.612000,2.0,SOFT,9.0,1,13.0
SAR,22.0,0 days 00:01:39.362000,2.0,SOFT,10.0,1,13.0
SAR,23.0,0 days 00:01:39.692000,2.0,SOFT,11.0,1,13.0
SAR,24.0,0 days 00:01:39.872000,2.0,SOFT,12.0,1,13.0
SAR,25.0,0 days 00:01:39.834000,2.0,SOFT,13.0,1,13.0
SAR,26.0,0 days 00:01:40.006000,2.0,SOFT,14.0,1,12.0
SAR,27.0,0 days 00:01:39.602000,2.0,SOFT,15.0,1,10.0
SAR,28.0,0 days 00:01:39.620000,2.0,SOFT,16.0,1,10.0
SAR,29.0,0 days 00:01:39.673000,2.0,SOFT,17.0,1,10.0
SAR,30.0,0 days 00:01:42.409000,2.0,SOFT,18.0,1,10.0
SAR,31.0,0 days 00:01:59.303000,3.0,HARD,1.0,1,14.0
SAR,32.0,0 days 00:01:37.613000,3.0,HARD,2.0,1,14.0
SAR,33.0,0 days 00:01:37.862000,3.0,HARD,3.0,1,13.0
SAR,34.0,0 days 00:01:37.902000,3.0,HARD,4.0,1,13.0
SAR,35.0,0 days 00:01:38.029000,3.0,HARD,5.0,1,13.0
SAR,36.0,0 days 00:01:37.717000,3.0,HARD,6.0,1,13.0
SAR,37.0,0 days 00:01:37.831000,3.0,HARD,7.0,1,13.0
SAR,38.0,0 days 00:01:38.015000,3.0,HARD,8.0,1,13.0
SAR,39.0,0 days 00:01:37.971000,3.0,HARD,9.0,1,13.0
SAR,40.0,0 days 00:01:53.753000,3.0,HARD,10.0,126,12.0
SAR,41.0,0 days 00:02:05.614000,4.0,SOFT,1.0,671,14.0
SAR,42.0,0 days 00:01:36.037000,4.0,SOFT,2.0,1,14.0
SAR,43.0,0 days 00:01:36.801000,4.0,SOFT,3.0,1,14.0
SAR,44.0,0 days 00:01:37.407000,4.0,SOFT,4.0,1,13.0
SAR,45.0,0 days 00:01:37.462000,4.0,SOFT,5.0,1,13.0
SAR,46.0,0 days 00:01:38.441000,4.0,SOFT,6.0,1,13.0
SAR,47.0,0 days 00:01:37.227000,4.0,SOFT,7.0,1,12.0
SAR,48.0,0 days 00:01:37.068000,4.0,SOFT,8.0,1,12.0
SAR,49.0,0 days 00:01:37.225000,4.0,SOFT,9.0,1,12.0
SAR,50.0,0 days 00:01:37.290000,4.0,SOFT,10.0,1,12.0
SAR,51.0,0 days 00:01:37.472000,4.0,SOFT,11.0,1,12.0
SAR,52.0,0 days 00:01:37.456000,4.0,SOFT,12.0,1,12.0
SAR,53.0,0 days 00:01:37.662000,4.0,SOFT,13.0,1,12.0
SAR,54.0,0 days 00:01:37.936000,4.0,SOFT,14.0,1,12.0
SAR,55.0,0 days 00:01:38.316000,4.0,SOFT,15.0,1,12.0
SAR,56.0,0 days 00:01:39.626000,4.0,SOFT,16.0,1,12.0
MAG,1.0,0 days 00:01:49.330000,1.0,HARD,1.0,12,18.0
MAG,2.0,0 days 00:01:41.521000,1.0,HARD,2.0,21,19.0
MAG,3.0,0 days 00:01:41.978000,1.0,HARD,3.0,1,20.0
MAG,4.0,0 days 00:01:40.773000,1.0,HARD,4.0,1,20.0
MAG,5.0,0 days 00:01:41.340000,1.0,HARD,5.0,1,20.0
MAG,6.0,0 days 00:01:41.125000,1.0,HARD,6.0,1,20.0
MAG,7.0,0 days 00:01:41.526000,1.0,HARD,7.0,1,20.0
MAG,8.0,0 days 00:01:41.283000,1.0,HARD,8.0,1,20.0
MAG,9.0,0 days 00:01:41.278000,1.0,HARD,9.0,1,20.0
MAG,10.0,0 days 00:01:41.719000,1.0,HARD,10.0,1,19.0
MAG,11.0,0 days 00:01:42.049000,1.0,HARD,11.0,1,15.0
MAG,12.0,0 days 00:01:41.345000,1.0,HARD,12.0,1,13.0
MAG,13.0,0 days 00:01:41.654000,1.0,HARD,13.0,1,9.0
MAG,14.0,0 days 00:01:41.739000,1.0,HARD,14.0,1,9.0
MAG,15.0,0 days 00:01:44.899000,1.0,HARD,15.0,1,11.0
MAG,16.0,0 days 00:02:00.587000,2.0,HARD,1.0,1,18.0
MAG,17.0,0 days 00:01:38.319000,2.0,HARD,2.0,1,18.0
MAG,18.0,0 days 00:01:38.274000,2.0,HARD,3.0,1,17.0
MAG,19.0,0 days 00:01:38.803000,2.0,HARD,4.0,1,17.0
MAG,20.0,0 days 00:01:39.083000,2.0,HARD,5.0,1,17.0
MAG,21.0,0 days 00:01:39.086000,2.0,HARD,6.0,1,17.0
MAG,22.0,0 days 00:01:38.913000,2.0,HARD,7.0,1,17.0
MAG,23.0,0 days 00:01:39.027000,2.0,HARD,8.0,1,17.0
MAG,24.0,0 days 00:01:38.947000,2.0,HARD,9.0,1,17.0
MAG,25.0,0 days 00:01:39.476000,2.0,HARD,10.0,1,17.0
MAG,26.0,0 days 00:01:39.601000,2.0,HARD,11.0,1,15.0
MAG,27.0,0 days 00:01:39.298000,2.0,HARD,12.0,1,13.0
MAG,28.0,0 days 00:01:39.316000,2.0,HARD,13.0,1,12.0
MAG,29.0,0 days 00:01:41.979000,2.0,HARD,14.0,1,13.0
MAG,30.0,0 days 00:02:00.933000,3.0,SOFT,1.0,1,17.0
MAG,31.0,0 days 00:01:38.593000,3.0,SOFT,2.0,1,17.0
MAG,32.0,0 days 00:01:37.644000,3.0,SOFT,3.0,1,16.0
MAG,33.0,0 days 00:01:37.097000,3.0,SOFT,4.0,1,16.0
MAG,34.0,0 days 00:01:37.528000,3.0,SOFT,5.0,1,16.0
MAG,35.0,0 days 00:01:37.460000,3.0,SOFT,6.0,1,16.0
MAG,36.0,0 days 00:01:37.754000,3.0,SOFT,7.0,1,16.0
MAG,37.0,0 days 00:01:37.998000,3.0,SOFT,8.0,1,16.0
MAG,38.0,0 days 00:01:38.303000,3.0,SOFT,9.0,1,16.0
MAG,39.0,0 days 00:01:38.587000,3.0,SOFT,10.0,1,16.0
MAG,40.0,0 days 00:01:57.797000,3.0,SOFT,11.0,126,15.0
MAG,41.0,0 days 00:02:02.547000,4.0,SOFT,1.0,671,15.0
MAG,42.0,0 days 00:01:36.471000,4.0,SOFT,2.0,1,15.0
MAG,43.0,0 days 00:01:36.942000,4.0,SOFT,3.0,1,15.0
MAG,44.0,0 days 00:01:36.588000,4.0,SOFT,4.0,1,15.0
MAG,45.0,0 days 00:01:37.126000,4.0,SOFT,5.0,1,15.0
MAG,46.0,0 days 00:01:37.589000,4.0,SOFT,6.0,1,15.0
MAG,47.0,0 days 00:01:37.629000,4.0,SOFT,7.0,1,15.0
MAG,48.0,0 days 00:01:37.607000,4.0,SOFT,8.0,1,15.0
MAG,49.0,0 days 00:01:37.739000,4.0,SOFT,9.0,1,15.0
MAG,50.0,0 days 00:01:38.315000,4.0,SOFT,10.0,1,15.0
MAG,51.0,0 days 00:01:38.157000,4.0,SOFT,11.0,1,14.0
MAG,52.0,0 days 00:01:37.963000,4.0,SOFT,12.0,1,14.0
MAG,53.0,0 days 00:01:37.982000,4.0,SOFT,13.0,1,14.0
MAG,54.0,0 days 00:01:39.651000,4.0,SOFT,14.0,1,14.0
MAG,55.0,0 days 00:01:38.446000,4.0,SOFT,15.0,1,13.0
MAG,56.0,0 days 00:01:38.779000,4.0,SOFT,16.0,1,13.0
DEV,1.0,0 days 00:01:49.959000,1.0,SOFT,1.0,12,20.0
DEV,2.0,0 days 00:01:41.289000,1.0,SOFT,2.0,21,20.0
DEV,3.0,0 days 00:01:40.914000,1.0,SOFT,3.0,1,19.0
DEV,4.0,0 days 00:01:40.373000,1.0,SOFT,4.0,1,19.0
DEV,5.0,0 days 00:01:40.630000,1.0,SOFT,5.0,1,19.0
DEV,6.0,0 days 00:01:41.125000,1.0,SOFT,6.0,1,19.0
DEV,7.0,0 days 00:01:41.166000,1.0,SOFT,7.0,1,19.0
DEV,8.0,0 days 00:01:41.230000,1.0,SOFT,8.0,1,19.0
DEV,9.0,0 days 00:01:41.573000,1.0,SOFT,9.0,1,18.0
DEV,10.0,0 days 00:01:41.666000,1.0,SOFT,10.0,1,18.0
DEV,11.0,0 days 00:01:45.460000,1.0,SOFT,11.0,1,17.0
DEV,12.0,0 days 00:02:01.184000,2.0,HARD,1.0,1,19.0
DEV,13.0,0 days 00:01:38.924000,2.0,HARD,2.0,1,18.0
DEV,14.0,0 days 00:01:38.829000,2.0,HARD,3.0,1,17.0
DEV,15.0,0 days 00:01:38.868000,2.0,HARD,4.0,1,17.0
DEV,16.0,0 days 00:01:39.127000,2.0,HARD,5.0,1,15.0
DEV,17.0,0 days 00:01:38.996000,2.0,HARD,6.0,1,14.0
DEV,18.0,0 days 00:01:39.054000,2.0,HARD,7.0,1,14.0
DEV,19.0,0 days 00:01:39.078000,2.0,HARD,8.0,1,14.0
DEV,20.0,0 days 00:01:39.182000,2.0,HARD,9.0,1,14.0
DEV,21.0,0 days 00:01:39.182000,2.0,HARD,10.0,1,14.0
DEV,22.0,0 days 00:01:39.296000,2.0,HARD,11.0,1,14.0
DEV,23.0,0 days 00:01:39.542000,2.0,HARD,12.0,1,14.0
DEV,24.0,0 days 00:01:39.807000,2.0,HARD,13.0,1,14.0
DEV,25.0,0 days 00:01:40.960000,2.0,HARD,14.0,1,15.0
DEV,26.0,0 days 00:01:39.970000,2.0,HARD,15.0,1,14.0
DEV,27.0,0 days 00:01:42.309000,2.0,HARD,16.0,1,12.0
DEV,28.0,0 days 00:02:00.083000,3.0,HARD,1.0,1,16.0
DEV,29.0,0 days 00:01:38.121000,3.0,HARD,2.0,1,16.0
DEV,30.0,0 days 00:01:37.709000,3.0,HARD,3.0,1,15.0
DEV,31.0,0 days 00:01:37.909000,3.0,HARD,4.0,1,15.0
DEV,32.0,0 days 00:01:37.902000,3.0,HARD,5.0,1,15.0
DEV,33.0,0 days 00:01:37.933000,3.0,HARD,6.0,1,14.0
DEV,34.0,0 days 00:01:38.266000,3.0,HARD,7.0,1,14.0
DEV,35.0,0 days 00:01:38.123000,3.0,HARD,8.0,1,14.0
DEV,36.0,0 days 00:01:38.206000,3.0,HARD,9.0,1,14.0
DEV,37.0,0 days 00:01:38.423000,3.0,HARD,10.0,1,14.0
DEV,38.0,0 days 00:01:38.379000,3.0,HARD,11.0,1,14.0
DEV,39.0,0 days 00:01:38.535000,3.0,HARD,12.0,1,14.0
DEV,40.0,0 days 00:01:53.544000,3.0,HARD,13.0,126,13.0
DEV,41.0,0 days 00:01:54.359000,3.0,HARD,14.0,671,11.0
DEV,42.0,0 days 00:01:39.873000,3.0,HARD,15.0,1,12.0
DEV,43.0,0 days 00:01:40.177000,3.0,HARD,16.0,1,13.0
DEV,44.0,0 days 00:01:39.588000,3.0,HARD,17.0,1,14.0
DEV,45.0,0 days 00:01:38.889000,3.0,HARD,18.0,1,14.0
DEV,46.0,0 days 00:01:38.871000,3.0,HARD,19.0,1,14.0
DEV,47.0,0 days 00:01:38.921000,3.0,HARD,20.0,1,14.0
DEV,48.0,0 days 00:01:40.441000,3.0,HARD,21.0,1,14.0
DEV,49.0,0 days 00:01:38.985000,3.0,HARD,22.0,1,14.0
DEV,50.0,0 days 00:01:39.089000,3.0,HARD,23.0,1,14.0
DEV,51.0,0 days 00:01:40.475000,3.0,HARD,24.0,1,15.0
DEV,52.0,0 days 00:01:40.330000,3.0,HARD,25.0,1,15.0
DEV,53.0,0 days 00:01:39.150000,3.0,HARD,26.0,1,15.0
DEV,54.0,0 days 00:01:38.885000,3.0,HARD,27.0,1,15.0
DEV,55.0,0 days 00:01:39.239000,3.0,HARD,28.0,1,14.0
DEV,56.0,0 days 00:01:39.161000,3.0,HARD,29.0,1,14.0
TSU,1.0,0 days 00:01:47.791000,1.0,SOFT,1.0,12,15.0
TSU,2.0,0 days 00:01:40.837000,1.0,SOFT,2.0,21,15.0
TSU,3.0,0 days 00:01:40.243000,1.0,SOFT,3.0,1,15.0
TSU,4.0,0 days 00:01:39.950000,1.0,SOFT,4.0,1,14.0
TSU,5.0,0 days 00:01:41.131000,1.0,SOFT,5.0,1,14.0
TSU,6.0,0 days 00:01:40.886000,1.0,SOFT,6.0,1,14.0
TSU,7.0,0 days 00:01:40.952000,1.0,SOFT,7.0,1,14.0
TSU,8.0,0 days 00:01:40.846000,1.0,SOFT,8.0,1,14.0
TSU,9.0,0 days 00:01:41.010000,1.0,SOFT,9.0,1,14.0
TSU,10.0,0 days 00:01:43.749000,1.0,SOFT,10.0,1,14.0
TSU,11.0,0 days 00:01:59.843000,2.0,HARD,1.0,1,18.0
TSU,12.0,0 days 00:01:39.143000,2.0,HARD,2.0,1,16.0
TSU,13.0,0 days 00:01:39.471000,2.0,HARD,3.0,1,13.0
TSU,14.0,0 days 00:01:38.742000,2.0,HARD,4.0,1,13.0
TSU,15.0,0 days 00:01:38.975000,2.0,HARD,5.0,1,12.0
TSU,16.0,0 days 00:01:39.061000,2.0,HARD,6.0,1,11.0
TSU,17.0,0 days 00:01:39.021000,2.0,HARD,7.0,1,11.0
TSU,18.0,0 days 00:01:39.302000,2.0,HARD,8.0,1,11.0
TSU,19.0,0 days 00:01:39.170000,2.0,HARD,9.0,1,11.0
TSU,20.0,0 days 00:01:39.282000,2.0,HARD,10.0,1,11.0
TSU,21.0,0 days 00:01:39.325000,2.0,HARD,11.0,1,11.0
TSU,22.0,0 days 00:01:39.439000,2.0,HARD,12.0,1,11.0
TSU,23.0,0 days 00:01:39.632000,2.0,HARD,13.0,1,11.0
TSU,24.0,0 days 00:01:40.109000,2.0,HARD,14.0,1,11.0
TSU,25.0,0 days 00:01:39.746000,2.0,HARD,15.0,1,11.0
TSU,26.0,0 days 00:01:42.227000,2.0,HARD,16.0,1,11.0
TSU,27.0,0 days 00:02:00.300000,3.0,HARD,1.0,1,16.0
TSU,28.0,0 days 00:01:37.824000,3.0,HARD,2.0,1,15.0
TSU,29.0,0 days 00:01:37.779000,3.0,HARD,3.0,1,15.0
TSU,30.0,0 days 00:01:38.147000,3.0,HARD,4.0,1,14.0
TSU,31.0,0 days 00:01:37.813000,3.0,HARD,5.0,1,13.0
TSU,32.0,0 days 00:01:38.017000,3.0,HARD,6.0,1,13.0
TSU,33.0,0 days 00:01:38.094000,3.0,HARD,7.0,1,12.0
TSU,34.0,0 days 00:01:38.130000,3.0,HARD,8.0,1,12.0
TSU,35.0,0 days 00:01:38.163000,3.0,HARD,9.0,1,12.0
TSU,36.0,0 days 00:01:38.059000,3.0,HARD,10.0,1,12.0
TSU,37.0,0 days 00:01:38.075000,3.0,HARD,11.0,1,12.0
TSU,38.0,0 days 00:01:38.084000,3.0,HARD,12.0,1,12.0
TSU,39.0,0 days 00:01:38.419000,3.0,HARD,13.0,1,12.0
TSU,40.0,0 days 00:01:50.350000,3.0,HARD,14.0,126,11.0
TSU,41.0,0 days 00:02:10.782000,4.0,SOFT,4.0,671,13.0
TSU,42.0,0 days 00:01:36.637000,4.0,SOFT,5.0,1,11.0
TSU,43.0,0 days 00:01:37.028000,4.0,SOFT,6.0,1,11.0
TSU,44.0,0 days 00:01:37.010000,4.0,SOFT,7.0,1,11.0
TSU,45.0,0 days 00:01:37.021000,4.0,SOFT,8.0,1,11.0
TSU,46.0,0 days 00:01:37.258000,4.0,SOFT,9.0,1,11.0
TSU,47.0,0 days 00:01:37.359000,4.0,SOFT,10.0,1,11.0
TSU,48.0,0 days 00:01:37.238000,4.0,SOFT,11.0,1,11.0
TSU,49.0,0 days 00:01:37.528000,4.0,SOFT,12.0,1,11.0
TSU,50.0,0 days 00:01:37.624000,4.0,SOFT,13.0,1,11.0
TSU,51.0,0 days 00:01:37.706000,4.0,SOFT,14.0,1,11.0
TSU,52.0,0 days 00:01:37.590000,4.0,SOFT,15.0,1,11.0
TSU,53.0,0 days 00:01:37.675000,4.0,SOFT,16.0,1,11.0
TSU,54.0,0 days 00:01:37.720000,4.0,SOFT,17.0,1,11.0
TSU,55.0,0 days 00:01:37.945000,4.0,SOFT,18.0,1,11.0
TSU,56.0,0 days 00:01:38.102000,4.0,SOFT,19.0,1,11.0
TSU,57.0,0 days 00:01:38.246000,4.0,SOFT,20.0,1,11.0
ALB,1.0,0 days 00:01:46.453000,1.0,SOFT,1.0,12,12.0
ALB,2.0,0 days 00:01:40.430000,1.0,SOFT,2.0,21,12.0
ALB,3.0,0 days 00:01:40.143000,1.0,SOFT,3.0,1,12.0
ALB,4.0,0 days 00:01:39.761000,1.0,SOFT,4.0,1,11.0
ALB,5.0,0 days 00:01:40.606000,1.0,SOFT,5.0,1,11.0
ALB,6.0,0 days 00:01:40.744000,1.0,SOFT,6.0,1,11.0
ALB,7.0,0 days 00:01:40.646000,1.0,SOFT,7.0,1,11.0
ALB,8.0,0 days 00:01:40.918000,1.0,SOFT,8.0,1,11.0
ALB,9.0,0 days 00:01:40.969000,1.0,SOFT,9.0,1,11.0
ALB,10.0,0 days 00:01:41.119000,1.0,SOFT,10.0,1,11.0
ALB,11.0,0 days 00:01:43.948000,1.0,SOFT,11.0,1,12.0
ALB,12.0,0 days 00:01:59.445000,2.0,SOFT,1.0,1,15.0
ALB,13.0,0 days 00:01:38.649000,2.0,SOFT,2.0,1,11.0
ALB,14.0,0 days 00:01:38.472000,2.0,SOFT,3.0,1,11.0
ALB,15.0,0 days 00:01:39.158000,2.0,SOFT,4.0,1,10.0
ALB,16.0,0 days 00:01:39.253000,2.0,SOFT,5.0,1,10.0
ALB,17.0,0 days 00:01:39.094000,2.0,SOFT,6.0,1,10.0
ALB,18.0,0 days 00:01:39.049000,2.0,SOFT,7.0,1,10.0
ALB,19.0,0 days 00:01:39.272000,2.0,SOFT,8.0,1,10.0
ALB,20.0,0 days 00:01:39.299000,2.0,SOFT,9.0,1,10.0
ALB,21.0,0 days 00:01:39.591000,2.0,SOFT,10.0,1,10.0
ALB,22.0,0 days 00:01:39.588000,2.0,SOFT,11.0,1,10.0
ALB,23.0,0 days 00:01:39.802000,2.0,SOFT,12.0,1,10.0
ALB,24.0,0 days 00:01:39.890000,2.0,SOFT,13.0,1,10.0
ALB,25.0,0 days 00:01:39.832000,2.0,SOFT,14.0,1,10.0
ALB,26.0,0 days 00:01:42.610000,2.0,SOFT,15.0,1,10.0
ALB,27.0,0 days 00:01:59.870000,3.0,HARD,1.0,1,14.0
ALB,28.0,0 days 00:01:37.503000,3.0,HARD,2.0,1,13.0
ALB,29.0,0 days 00:01:38.127000,3.0,HARD,3.0,1,12.0
ALB,30.0,0 days 00:01:37.931000,3.0,HARD,4.0,1,12.0
ALB,31.0,0 days 00:01:38.104000,3.0,HARD,5.0,1,11.0
ALB,32.0,0 days 00:01:37.919000,3.0,HARD,6.0,1,11.0
ALB,33.0,0 days 00:01:38.104000,3.0,HARD,7.0,1,10.0
ALB,34.0,0 days 00:01:37.961000,3.0,HARD,8.0,1,10.0
ALB,35.0,0 days 00:01:37.984000,3.0,HARD,9.0,1,10.0
ALB,36.0,0 days 00:01:38.176000,3.0,HARD,10.0,1,10.0
ALB,37.0,0 days 00:01:38.038000,3.0,HARD,11.0,1,10.0
ALB,38.0,0 days 00:01:38.330000,3.0,HARD,12.0,1,10.0
ALB,39.0,0 days 00:01:38.346000,3.0,HARD,13.0,1,10.0
ALB,40.0,0 days 00:01:50.177000,3.0,HARD,14.0,126,9.0
ALB,41.0,0 days 00:02:08.659000,4.0,SOFT,1.0,671,9.0
ALB,42.0,0 days 00:01:37.211000,4.0,SOFT,2.0,1,10.0
ALB,43.0,0 days 00:01:37.144000,4.0,SOFT,3.0,1,10.0
ALB,44.0,0 days 00:01:37.327000,4.0,SOFT,4.0,1,10.0
ALB,45.0,0 days 00:01:37.503000,4.0,SOFT,5.0,1,10.0
ALB,46.0,0 days 00:01:37.577000,4.0,SOFT,6.0,1,10.0
ALB,47.0,0 days 00:01:37.545000,4.0,SOFT,7.0,1,10.0
ALB,48.0,0 days 00:01:37.684000,4.0,SOFT,8.0,1,10.0
ALB,49.0,0 days 00:01:37.609000,4.0,SOFT,9.0,1,10.0
ALB,50.0,0 days 00:01:37.695000,4.0,SOFT,10.0,1,10.0
ALB,51.0,0 days 00:01:37.727000,4.0,SOFT,11.0,1,10.0
ALB,52.0,0 days 00:01:37.861000,4.0,SOFT,12.0,1,10.0
ALB,53.0,0 days 00:01:37.778000,4.0,SOFT,13.0,1,10.0
ALB,54.0,0 days 00:01:37.780000,4.0,SOFT,14.0,1,10.0
ALB,55.0,0 days 00:01:37.803000,4.0,SOFT,15.0,1,10.0
ALB,56.0,0 days 00:01:38.159000,4.0,SOFT,16.0,1,10.0
ALB,57.0,0 days 00:01:38.137000,4.0,SOFT,17.0,1,10.0
ZHO,1.0,0 days 00:01:48.467000,1.0,SOFT,1.0,12,17.0
ZHO,2.0,0 days 00:01:41.091000,1.0,SOFT,2.0,21,17.0
ZHO,3.0,0 days 00:01:40.596000,1.0,SOFT,3.0,1,17.0
ZHO,4.0,0 days 00:01:40.853000,1.0,SOFT,4.0,1,17.0
ZHO,5.0,0 days 00:01:40.814000,1.0,SOFT,5.0,1,17.0
ZHO,6.0,0 days 00:01:41.156000,1.0,SOFT,6.0,1,17.0
ZHO,7.0,0 days 00:01:41.197000,1.0,SOFT,7.0,1,17.0
ZHO,8.0,0 days 00:01:41.184000,1.0,SOFT,8.0,1,17.0
ZHO,9.0,0 days 00:01:41.526000,1.0,SOFT,9.0,1,17.0
ZHO,10.0,0 days 00:01:41.743000,1.0,SOFT,10.0,1,17.0
ZHO,11.0,0 days 00:01:42.108000,1.0,SOFT,11.0,1,14.0
ZHO,12.0,0 days 00:01:43.870000,1.0,SOFT,12.0,1,12.0
ZHO,13.0,0 days 00:02:02.101000,2.0,HARD,1.0,1,20.0
ZHO,14.0,0 days 00:01:39.330000,2.0,HARD,2.0,1,19.0
ZHO,15.0,0 days 00:01:39.229000,2.0,HARD,3.0,1,19.0
ZHO,16.0,0 days 00:01:38.998000,2.0,HARD,4.0,1,17.0
ZHO,17.0,0 days 00:01:39.143000,2.0,HARD,5.0,1,17.0
ZHO,18.0,0 days 00:01:38.873000,2.0,HARD,6.0,1,15.0
ZHO,19.0,0 days 00:01:38.794000,2.0,HARD,7.0,1,15.0
ZHO,20.0,0 days 00:01:38.896000,2.0,HARD,8.0,1,15.0
ZHO,21.0,0 days 00:01:38.888000,2.0,HARD,9.0,1,15.0
ZHO,22.0,0 days 00:01:39.115000,2.0,HARD,10.0,1,15.0
ZHO,23.0,0 days 00:01:39.462000,2.0,HARD,11.0,1,15.0
ZHO,24.0,0 days 00:01:39.503000,2.0,HARD,12.0,1,15.0
ZHO,25.0,0 days 00:01:39.066000,2.0,HARD,13.0,1,14.0
ZHO,26.0,0 days 00:01:39.427000,2.0,HARD,14.0,1,13.0
ZHO,27.0,0 days 00:01:39.235000,2.0,HARD,15.0,1,11.0
ZHO,28.0,0 days 00:01:39.412000,2.0,HARD,16.0,1,11.0
ZHO,29.0,0 days 00:01:39.361000,2.0,HARD,17.0,1,11.0
ZHO,30.0,0 days 00:01:39.382000,2.0,HARD,18.0,1,9.0
ZHO,31.0,0 days 00:01:39.670000,2.0,HARD,19.0,1,9.0
ZHO,32.0,0 days 00:01:42.096000,2.0,HARD,20.0,1,10.0
ZHO,33.0,0 days 00:01:59.659000,3.0,SOFT,4.0,1,15.0
ZHO,34.0,0 days 00:01:37.037000,3.0,SOFT,5.0,1,15.0
ZHO,35.0,0 days 00:01:37.550000,3.0,SOFT,6.0,1,15.0
ZHO,36.0,0 days 00:01:37.957000,3.0,SOFT,7.0,1,15.0
ZHO,37.0,0 days 00:01:38.003000,3.0,SOFT,8.0,1,15.0
ZHO,38.0,0 days 00:01:38.422000,3.0,SOFT,9.0,1,15.0
ZHO,39.0,0 days 00:01:38.368000,3.0,SOFT,10.0,1,15.0
ZHO,40.0,0 days 00:01:53.456000,3.0,SOFT,11.0,126,14.0
ZHO,41.0,0 days 00:01:52.500000,3.0,SOFT,12.0,671,12.0
ZHO,42.0,0 days 00:01:39.904000,3.0,SOFT,13.0,1,13.0
ZHO,43.0,0 days 00:01:38.311000,3.0,SOFT,14.0,1,12.0
ZHO,44.0,0 days 00:01:37.974000,3.0,SOFT,15.0,1,12.0
ZHO,45.0,0 days 00:01:37.950000,3.0,SOFT,16.0,1,12.0
ZHO,46.0,0 days 00:01:38.336000,3.0,SOFT,17.0,1,12.0
ZHO,47.0,0 days 00:01:39.553000,3.0,SOFT,18.0,1,13.0
ZHO,48.0,0 days 00:01:38.596000,3.0,SOFT,19.0,1,13.0
ZHO,49.0,0 days 00:01:38.628000,3.0,SOFT,20.0,1,13.0
ZHO,50.0,0 days 00:01:39.893000,3.0,SOFT,21.0,1,13.0
ZHO,51.0,0 days 00:01:38.719000,3.0,SOFT,22.0,1,13.0
ZHO,52.0,0 days 00:01:38.713000,3.0,SOFT,23.0,1,13.0
ZHO,53.0,0 days 00:01:38.634000,3.0,SOFT,24.0,1,13.0
ZHO,54.0,0 days 00:01:41.967000,3.0,SOFT,25.0,1,13.0
ZHO,55.0,0 days 00:02:07.673000,4.0,SOFT,4.0,1,16.0
ZHO,56.0,0 days 00:01:33.996000,4.0,SOFT,5.0,1,16.0
HUL,1.0,0 days 00:01:47.339000,1.0,SOFT,4.0,12,14.0
HUL,2.0,0 days 00:01:40.720000,1.0,SOFT,5.0,21,14.0
HUL,3.0,0 days 00:01:40.484000,1.0,SOFT,6.0,1,14.0
HUL,4.0,0 days 00:01:41.004000,1.0,SOFT,7.0,1,15.0
HUL,5.0,0 days 00:01:41.002000,1.0,SOFT,8.0,1,15.0
HUL,6.0,0 days 00:01:41.002000,1.0,SOFT,9.0,1,15.0
HUL,7.0,0 days 00:01:41.148000,1.0,SOFT,10.0,1,15.0
HUL,8.0,0 days 00:01:41.249000,1.0,SOFT,11.0,1,15.0
HUL,9.0,0 days 00:01:41.615000,1.0,SOFT,12.0,1,15.0
HUL,10.0,0 days 00:01:42.252000,1.0,SOFT,13.0,1,15.0
HUL,11.0,0 days 00:01:46.790000,1.0,SOFT,14.0,1,16.0
HUL,12.0,0 days 00:02:02.579000,2.0,HARD,1.0,1,20.0
HUL,13.0,0 days 00:01:39.406000,2.0,HARD,2.0,1,19.0
HUL,14.0,0 days 00:01:38.847000,2.0,HARD,3.0,1,18.0
HUL,15.0,0 days 00:01:38.972000,2.0,HARD,4.0,1,18.0
HUL,16.0,0 days 00:01:39.136000,2.0,HARD,5.0,1,16.0
HUL,17.0,0 days 00:01:39.396000,2.0,HARD,6.0,1,16.0
HUL,18.0,0 days 00:01:40.323000,2.0,HARD,7.0,1,16.0
HUL,19.0,0 days 00:01:39.633000,2.0,HARD,8.0,1,16.0
HUL,20.0,0 days 00:01:39.495000,2.0,HARD,9.0,1,16.0
HUL,21.0,0 days 00:01:39.703000,2.0,HARD,10.0,1,16.0
HUL,22.0,0 days 00:01:39.934000,2.0,HARD,11.0,1,16.0
HUL,23.0,0 days 00:01:39.866000,2.0,HARD,12.0,1,16.0
HUL,24.0,0 days 00:01:39.855000,2.0,HARD,13.0,1,16.0
HUL,25.0,0 days 00:01:40.295000,2.0,HARD,14.0,1,16.0
HUL,26.0,0 days 00:01:42.931000,2.0,HARD,15.0,1,16.0
HUL,27.0,0 days 00:02:12.037000,3.0,HARD,1.0,1,19.0
HUL,28.0,0 days 00:01:36.981000,3.0,HARD,2.0,1,18.0
HUL,29.0,0 days 00:01:37.398000,3.0,HARD,3.0,1,18.0
HUL,30.0,0 days 00:01:37.617000,3.0,HARD,4.0,1,18.0
HUL,31.0,0 days 00:01:37.891000,3.0,HARD,5.0,1,18.0
HUL,32.0,0 days 00:01:37.806000,3.0,HARD,6.0,1,17.0
HUL,33.0,0 days 00:01:37.761000,3.0,HARD,7.0,1,17.0
HUL,34.0,0 days 00:01:37.895000,3.0,HARD,8.0,1,17.0
HUL,35.0,0 days 00:01:38.093000,3.0,HARD,9.0,1,17.0
HUL,36.0,0 days 00:01:38.245000,3.0,HARD,10.0,1,17.0
HUL,37.0,0 days 00:01:38.108000,3.0,HARD,11.0,1,17.0
HUL,38.0,0 days 00:01:38.191000,3.0,HARD,12.0,1,17.0
HUL,39.0,0 days 00:01:38.184000,3.0,HARD,13.0,1,17.0
HUL,40.0,0 days 00:01:58.689000,3.0,HARD,14.0,126,16.0
HUL,41.0,0 days 00:02:05.275000,4.0,SOFT,4.0,671,16.0
HUL,42.0,0 days 00:01:36.616000,4.0,SOFT,5.0,1,16.0
HUL,43.0,0 days 00:01:36.793000,4.0,SOFT,6.0,1,16.0
HUL,44.0,0 days 00:01:37.076000,4.0,SOFT,7.0,1,16.0
HUL,45.0,0 days 00:01:37.314000,4.0,SOFT,8.0,1,16.0
HUL,46.0,0 days 00:01:39.972000,4.0,SOFT,9.0,1,16.0
HUL,47.0,0 days 00:01:36.806000,4.0,SOFT,10.0,1,16.0
HUL,48.0,0 days 00:01:37.086000,4.0,SOFT,11.0,1,16.0
HUL,49.0,0 days 00:01:37.077000,4.0,SOFT,12.0,1,16.0
HUL,50.0,0 days 00:01:37.242000,4.0,SOFT,13.0,1,16.0
HUL,51.0,0 days 00:01:37.306000,4.0,SOFT,14.0,1,16.0
HUL,52.0,0 days 00:01:37.917000,4.0,SOFT,15.0,1,16.0
HUL,53.0,0 days 00:01:38.067000,4.0,SOFT,16.0,1,16.0
HUL,54.0,0 days 00:01:38.458000,4.0,SOFT,17.0,1,16.0
HUL,55.0,0 days 00:01:38.564000,4.0,SOFT,18.0,1,15.0
HUL,56.0,0 days 00:01:39.206000,4.0,SOFT,19.0,1,15.0
OCO,1.0,0 days 00:01:45.967000,1.0,SOFT,4.0,12,11.0
OCO,2.0,0 days 00:01:40.408000,1.0,SOFT,5.0,21,11.0
OCO,3.0,0 days 00:01:39.948000,1.0,SOFT,6.0,1,11.0
OCO,4.0,0 days 00:01:39.543000,1.0,SOFT,7.0,1,10.0
OCO,5.0,0 days 00:01:40.281000,1.0,SOFT,8.0,1,10.0
OCO,6.0,0 days 00:01:40.331000,1.0,SOFT,9.0,1,10.0
OCO,7.0,0 days 00:01:40.488000,1.0,SOFT,10.0,1,10.0
OCO,8.0,0 days 00:01:40.562000,1.0,SOFT,11.0,1,10.0
OCO,9.0,0 days 00:01:40.866000,1.0,SOFT,12.0,1,10.0
OCO,10.0,0 days 00:01:40.858000,1.0,SOFT,13.0,1,10.0
OCO,11.0,0 days 00:01:41.035000,1.0,SOFT,14.0,1,10.0
OCO,12.0,0 days 00:01:43.787000,1.0,SOFT,15.0,1,9.0
OCO,13.0,0 days 00:02:00.381000,2.0,HARD,1.0,1,12.0
OCO,14.0,0 days 00:01:38.649000,2.0,HARD,2.0,1,12.0
OCO,15.0,0 days 00:01:41.863000,2.0,HARD,3.0,1,13.0
OCO,16.0,0 days 00:02:15.708000,3.0,HARD,4.0,1,19.0
OCO,17.0,0 days 00:01:38.780000,3.0,HARD,5.0,1,19.0
OCO,18.0,0 days 00:01:38.886000,3.0,HARD,6.0,1,18.0
OCO,19.0,0 days 00:01:38.817000,3.0,HARD,7.0,1,18.0
OCO,20.0,0 days 00:01:38.809000,3.0,HARD,8.0,1,18.0
OCO,21.0,0 days 00:01:38.976000,3.0,HARD,9.0,1,18.0
OCO,22.0,0 days 00:01:39.028000,3.0,HARD,10.0,1,18.0
OCO,23.0,0 days 00:01:40.052000,3.0,HARD,11.0,1,19.0
OCO,24.0,0 days 00:01:39.382000,3.0,HARD,12.0,1,19.0
OCO,25.0,0 days 00:01:39.435000,3.0,HARD,13.0,1,19.0
OCO,26.0,0 days 00:01:39.521000,3.0,HARD,14.0,1,19.0
OCO,27.0,0 days 00:01:39.594000,3.0,HARD,15.0,1,18.0
OCO,28.0,0 days 00:01:40.026000,3.0,HARD,16.0,1,17.0
OCO,29.0,0 days 00:01:41.181000,3.0,HARD,17.0,1,17.0
OCO,30.0,0 days 00:01:39.757000,3.0,HARD,18.0,1,16.0
OCO,31.0,0 days 00:01:39.748000,3.0,HARD,19.0,1,16.0
OCO,32.0,0 days 00:01:44.296000,3.0,HARD,20.0,1,18.0
OCO,33.0,0 days 00:02:18.694000,4.0,HARD,1.0,1,19.0
OCO,34.0,0 days 00:01:36.797000,4.0,HARD,2.0,1,19.0
OCO,35.0,0 days 00:01:36.964000,4.0,HARD,3.0,1,19.0
OCO,36.0,0 days 00:01:37.364000,4.0,HARD,4.0,1,19.0
OCO,37.0,0 days 00:01:37.338000,4.0,HARD,5.0,1,19.0
OCO,38.0,0 days 00:01:37.216000,4.0,HARD,6.0,1,18.0
OCO,39.0,0 days 00:01:37.523000,4.0,HARD,7.0,12,18.0
OCO,40.0,0 days 00:02:08.023000,4.0,HARD,8.0,2671,17.0
OCO,41.0,0 days 00:01:42.684000,4.0,HARD,9.0,1,17.0
NOR,1.0,0 days 00:01:45.364000,1.0,SOFT,1.0,12,10.0
NOR,2.0,0 days 00:01:40.433000,1.0,SOFT,2.0,21,10.0
NOR,3.0,0 days 00:01:39.777000,1.0,SOFT,3.0,1,10.0
NOR,4.0,0 days 00:01:42.267000,1.0,SOFT,4.0,1,12.0
NOR,5.0,0 days 00:01:40.664000,1.0,SOFT,5.0,1,12.0
NOR,6.0,0 days 00:01:40.814000,1.0,SOFT,6.0,1,12.0
NOR,7.0,0 days 00:01:40.726000,1.0,SOFT,7.0,1,12.0
NOR,8.0,0 days 00:01:40.857000,1.0,SOFT,8.0,1,12.0
NOR,9.0,0 days 00:01:40.783000,1.0,SOFT,9.0,1,12.0
NOR,10.0,0 days 00:01:43.521000,1.0,SOFT,10.0,1,13.0
NOR,11.0,0 days 00:02:09.886000,2.0,HARD,1.0,1,20.0
NOR,12.0,0 days 00:01:39.314000,2.0,HARD,2.0,1,18.0
NOR,13.0,0 days 00:01:39.510000,2.0,HARD,3.0,1,17.0
NOR,14.0,0 days 00:01:39.243000,2.0,HARD,4.0,1,16.0
NOR,15.0,0 days 00:01:38.870000,2.0,HARD,5.0,1,16.0
NOR,16.0,0 days 00:01:38.860000,2.0,HARD,6.0,1,14.0
NOR,17.0,0 days 00:01:41.501000,2.0,HARD,7.0,1,15.0
NOR,18.0,0 days 00:02:08.607000,3.0,SOFT,4.0,1,19.0
NOR,19.0,0 days 00:01:37.966000,3.0,SOFT,5.0,1,19.0
NOR,20.0,0 days 00:01:38.345000,3.0,SOFT,6.0,1,19.0
NOR,21.0,0 days 00:01:38.297000,3.0,SOFT,7.0,1,19.0
NOR,22.0,0 days 00:01:38.908000,3.0,SOFT,8.0,1,19.0
NOR,23.0,0 days 00:01:38.291000,3.0,SOFT,9.0,1,18.0
NOR,24.0,0 days 00:01:38.696000,3.0,SOFT,10.0,1,18.0
NOR,25.0,0 days 00:01:38.447000,3.0,SOFT,11.0,1,18.0
NOR,26.0,0 days 00:01:38.440000,3.0,SOFT,12.0,1,18.0
NOR,27.0,0 days 00:01:40.973000,3.0,SOFT,13.0,1,17.0
NOR,28.0,0 days 00:02:07.663000,4.0,MEDIUM,1.0,1,19.0
NOR,29.0,0 days 00:01:37.260000,4.0,MEDIUM,2.0,1,19.0
NOR,30.0,0 days 00:01:37.605000,4.0,MEDIUM,3.0,1,19.0
NOR,31.0,0 days 00:01:37.768000,4.0,MEDIUM,4.0,1,19.0
NOR,32.0,0 days 00:01:38.111000,4.0,MEDIUM,5.0,1,19.0
NOR,33.0,0 days 00:01:37.520000,4.0,MEDIUM,6.0,1,18.0
NOR,34.0,0 days 00:01:37.987000,4.0,MEDIUM,7.0,1,18.0
NOR,35.0,0 days 00:01:37.870000,4.0,MEDIUM,8.0,1,18.0
NOR,36.0,0 days 00:01:39.886000,4.0,MEDIUM,9.0,1,18.0
NOR,37.0,0 days 00:01:40.197000,4.0,MEDIUM,10.0,1,18.0
NOR,38.0,0 days 00:02:08.682000,5.0,HARD,1.0,1,19.0
NOR,39.0,0 days 00:01:38.347000,5.0,HARD,2.0,12,19.0
NOR,40.0,0 days 00:02:07.970000,5.0,HARD,3.0,2671,18.0
NOR,41.0,0 days 00:01:36.705000,5.0,HARD,4.0,1,18.0
NOR,42.0,0 days 00:01:36.668000,5.0,HARD,5.0,1,17.0
NOR,43.0,0 days 00:01:36.687000,5.0,HARD,6.0,1,17.0
NOR,44.0,0 days 00:01:37.219000,5.0,HARD,7.0,1,17.0
NOR,45.0,0 days 00:01:37.426000,5.0,HARD,8.0,1,17.0
NOR,46.0,0 days 00:01:37.656000,5.0,HARD,9.0,1,17.0
NOR,47.0,0 days 00:01:40.433000,5.0,HARD,10.0,1,17.0
NOR,48.0,0 days 00:02:06.905000,6.0,SOFT,5.0,1,17.0
NOR,49.0,0 days 00:01:39.080000,6.0,SOFT,6.0,1,17.0
NOR,50.0,0 days 00:01:35.257000,6.0,SOFT,7.0,1,17.0
NOR,51.0,0 days 00:01:35.822000,6.0,SOFT,8.0,1,17.0
NOR,52.0,0 days 00:01:36.152000,6.0,SOFT,9.0,1,17.0
NOR,53.0,0 days 00:01:36.500000,6.0,SOFT,10.0,1,17.0
NOR,54.0,0 days 00:01:39.789000,6.0,SOFT,11.0,1,17.0
NOR,55.0,0 days 00:02:04.847000,7.0,SOFT,7.0,1,17.0
HAM,1.0,0 days 00:01:42.288000,1.0,SOFT,4.0,12,5.0
HAM,2.0,0 days 00:01:39.166000,1.0,SOFT,5.0,21,5.0
HAM,3.0,0 days 00:01:39.220000,1.0,SOFT,6.0,1,5.0
HAM,4.0,0 days 00:01:39.198000,1.0,SOFT,7.0,1,5.0
HAM,5.0,0 days 00:01:39.335000,1.0,SOFT,8.0,1,5.0
HAM,6.0,0 days 00:01:39.756000,1.0,SOFT,9.0,1,5.0
HAM,7.0,0 days 00:01:39.757000,1.0,SOFT,10.0,1,5.0
HAM,8.0,0 days 00:01:40.267000,1.0,SOFT,11.0,1,5.0
HAM,9.0,0 days 00:01:40.323000,1.0,SOFT,12.0,1,5.0
HAM,10.0,0 days 00:01:40.289000,1.0,SOFT,13.0,1,5.0
HAM,11.0,0 days 00:01:40.752000,1.0,SOFT,14.0,1,5.0
HAM,12.0,0 days 00:01:43.336000,1.0,SOFT,15.0,1,7.0
HAM,13.0,0 days 00:01:59.179000,2.0,HARD,1.0,1,8.0
HAM,14.0,0 days 00:01:38.308000,2.0,HARD,2.0,1,7.0
HAM,15.0,0 days 00:01:38.527000,2.0,HARD,3.0,1,6.0
HAM,16.0,0 days 00:01:38.617000,2.0,HARD,4.0,1,5.0
HAM,17.0,0 days 00:01:38.704000,2.0,HARD,5.0,1,5.0
HAM,18.0,0 days 00:01:38.690000,2.0,HARD,6.0,1,5.0
HAM,19.0,0 days 00:01:38.684000,2.0,HARD,7.0,1,5.0
HAM,20.0,0 days 00:01:38.478000,2.0,HARD,8.0,1,5.0
HAM,21.0,0 days 00:01:38.581000,2.0,HARD,9.0,1,5.0
HAM,22.0,0 days 00:01:38.460000,2.0,HARD,10.0,1,5.0
HAM,23.0,0 days 00:01:38.384000,2.0,HARD,11.0,1,5.0
HAM,24.0,0 days 00:01:38.367000,2.0,HARD,12.0,1,5.0
HAM,25.0,0 days 00:01:38.290000,2.0,HARD,13.0,1,5.0
HAM,26.0,0 days 00:01:38.339000,2.0,HARD,14.0,1,5.0
HAM,27.0,0 days 00:01:38.369000,2.0,HARD,15.0,1,5.0
HAM,28.0,0 days 00:01:38.265000,2.0,HARD,16.0,1,5.0
HAM,29.0,0 days 00:01:38.380000,2.0,HARD,17.0,1,5.0
HAM,30.0,0 days 00:01:41.175000,2.0,HARD,18.0,1,6.0
HAM,31.0,0 days 00:01:59.503000,3.0,HARD,1.0,1,7.0
HAM,32.0,0 days 00:01:37.563000,3.0,HARD,2.0,1,6.0
HAM,33.0,0 days 00:01:37.549000,3.0,HARD,3.0,1,6.0
HAM,34.0,0 days 00:01:38.135000,3.0,HARD,4.0,1,6.0
HAM,35.0,0 days 00:01:36.831000,3.0,HARD,5.0,1,5.0
HAM,36.0,0 days 00:01:36.546000,3.0,HARD,6.0,1,5.0
HAM,37.0,0 days 00:01:37.388000,3.0,HARD,7.0,1,5.0
HAM,38.0,0 days 00:01:38.304000,3.0,HARD,8.0,1,6.0
HAM,39.0,0 days 00:01:37.478000,3.0,HARD,9.0,1,6.0
HAM,40.0,0 days 00:01:37.494000,3.0,HARD,10.0,12,5.0
HAM,41.0,0 days 00:02:06.491000,3.0,HARD,11.0,2671,5.0
HAM,42.0,0 days 00:01:37.061000,3.0,HARD,12.0,1,5.0
HAM,43.0,0 days 00:01:37.111000,3.0,HARD,13.0,1,5.0
HAM,44.0,0 days 00:01:37.048000,3.0,HARD,14.0,1,5.0
HAM,45.0,0 days 00:01:37.661000,3.0,HARD,15.0,1,5.0
HAM,46.0,0 days 00:01:37.779000,3.0,HARD,16.0,1,5.0
HAM,47.0,0 days 00:01:38.517000,3.0,HARD,17.0,1,5.0
HAM,48.0,0 days 00:01:37.844000,3.0,HARD,18.0,1,5.0
HAM,49.0,0 days 00:01:37.954000,3.0,HARD,19.0,1,5.0
HAM,50.0,0 days 00:01:37.770000,3.0,HARD,20.0,1,5.0
HAM,51.0,0 days 00:01:38.014000,3.0,HARD,21.0,1,5.0
HAM,52.0,0 days 00:01:37.803000,3.0,HARD,22.0,1,5.0
HAM,53.0,0 days 00:01:37.988000,3.0,HARD,23.0,1,5.0
HAM,54.0,0 days 00:01:38.076000,3.0,HARD,24.0,1,5.0
HAM,55.0,0 days 00:01:37.955000,3.0,HARD,25.0,1,5.0
HAM,56.0,0 days 00:01:38.111000,3.0,HARD,26.0,1,5.0
HAM,57.0,0 days 00:01:38.255000,3.0,HARD,27.0,1,5.0
SAI,1.0,0 days 00:01:41.659000,1.0,SOFT,4.0,12,4.0
SAI,2.0,0 days 00:01:38.933000,1.0,SOFT,5.0,21,4.0
SAI,3.0,0 days 00:01:39.042000,1.0,SOFT,6.0,1,4.0
SAI,4.0,0 days 00:01:38.985000,1.0,SOFT,7.0,1,4.0
SAI,5.0,0 days 00:01:39.128000,1.0,SOFT,8.0,1,4.0
SAI,6.0,0 days 00:01:39.474000,1.0,SOFT,9.0,1,4.0
SAI,7.0,0 days 00:01:39.502000,1.0,SOFT,10.0,1,4.0
SAI,8.0,0 days 00:01:39.779000,1.0,SOFT,11.0,1,4.0
SAI,9.0,0 days 00:01:39.744000,1.0,SOFT,12.0,1,4.0
SAI,10.0,0 days 00:01:40.102000,1.0,SOFT,13.0,1,4.0
SAI,11.0,0 days 00:01:40.507000,1.0,SOFT,14.0,1,4.0
SAI,12.0,0 days 00:01:40.520000,1.0,SOFT,15.0,1,4.0
SAI,13.0,0 days 00:01:43.310000,1.0,SOFT,16.0,1,4.0
SAI,14.0,0 days 00:01:59.006000,2.0,HARD,1.0,1,6.0
SAI,15.0,0 days 00:01:37.985000,2.0,HARD,2.0,1,5.0
SAI,16.0,0 days 00:01:38.433000,2.0,HARD,3.0,1,4.0
SAI,17.0,0 days 00:01:38.161000,2.0,HARD,4.0,1,4.0
SAI,18.0,0 days 00:01:38.287000,2.0,HARD,5.0,1,4.0
SAI,19.0,0 days 00:01:38.210000,2.0,HARD,6.0,1,4.0
SAI,20.0,0 days 00:01:38.096000,2.0,HARD,7.0,1,4.0
SAI,21.0,0 days 00:01:38.240000,2.0,HARD,8.0,1,4.0
SAI,22.0,0 days 00:01:38.453000,2.0,HARD,9.0,1,4.0
SAI,23.0,0 days 00:01:38.597000,2.0,HARD,10.0,1,4.0
SAI,24.0,0 days 00:01:38.314000,2.0,HARD,11.0,1,4.0
SAI,25.0,0 days 00:01:38.571000,2.0,HARD,12.0,1,4.0
SAI,26.0,0 days 00:01:38.331000,2.0,HARD,13.0,1,4.0
SAI,27.0,0 days 00:01:38.423000,2.0,HARD,14.0,1,4.0
SAI,28.0,0 days 00:01:38.474000,2.0,HARD,15.0,1,4.0
SAI,29.0,0 days 00:01:38.550000,2.0,HARD,16.0,1,4.0
SAI,30.0,0 days 00:01:38.601000,2.0,HARD,17.0,1,4.0
SAI,31.0,0 days 00:01:41.274000,2.0,HARD,18.0,1,4.0
SAI,32.0,0 days 00:01:58.492000,3.0,HARD,1.0,1,5.0
SAI,33.0,0 days 00:01:37.548000,3.0,HARD,2.0,1,5.0
SAI,34.0,0 days 00:01:37.475000,3.0,HARD,3.0,1,5.0
SAI,35.0,0 days 00:01:37.441000,3.0,HARD,4.0,1,4.0
SAI,36.0,0 days 00:01:37.706000,3.0,HARD,5.0,1,4.0
SAI,37.0,0 days 00:01:37.130000,3.0,HARD,6.0,1,4.0
SAI,38.0,0 days 00:01:37.444000,3.0,HARD,7.0,1,4.0
SAI,39.0,0 days 00:01:37.403000,3.0,HARD,8.0,1,4.0
SAI,40.0,0 days 00:01:37.587000,3.0,HARD,9.0,12,3.0
SAI,41.0,0 days 00:02:06.436000,3.0,HARD,10.0,2671,3.0
SAI,42.0,0 days 00:01:37.375000,3.0,HARD,11.0,1,3.0
SAI,43.0,0 days 00:01:37.294000,3.0,HARD,12.0,1,3.0
SAI,44.0,0 days 00:01:37.389000,3.0,HARD,13.0,1,3.0
SAI,45.0,0 days 00:01:39.561000,3.0,HARD,14.0,1,4.0
SAI,46.0,0 days 00:01:37.844000,3.0,HARD,15.0,1,4.0
SAI,47.0,0 days 00:01:38.222000,3.0,HARD,16.0,1,4.0
SAI,48.0,0 days 00:01:37.897000,3.0,HARD,17.0,1,4.0
SAI,49.0,0 days 00:01:37.765000,3.0,HARD,18.0,1,4.0
SAI,50.0,0 days 00:01:37.604000,3.0,HARD,19.0,1,4.0
SAI,51.0,0 days 00:01:37.672000,3.0,HARD,20.0,1,4.0
SAI,52.0,0 days 00:01:37.490000,3.0,HARD,21.0,1,4.0
SAI,53.0,0 days 00:01:37.660000,3.0,HARD,22.0,1,4.0
SAI,54.0,0 days 00:01:37.694000,3.0,HARD,23.0,1,4.0
SAI,55.0,0 days 00:01:37.821000,3.0,HARD,24.0,1,4.0
SAI,56.0,0 days 00:01:38.126000,3.0,HARD,25.0,1,4.0
SAI,57.0,0 days 00:01:38.021000,3.0,HARD,26.0,1,4.0
RUS,1.0,0 days 00:01:42.662000,1.0,SOFT,4.0,12,6.0
RUS,2.0,0 days 00:01:39.590000,1.0,SOFT,5.0,21,6.0
RUS,3.0,0 days 00:01:39.093000,1.0,SOFT,6.0,1,6.0
RUS,4.0,0 days 00:01:39.261000,1.0,SOFT,7.0,1,6.0
RUS,5.0,0 days 00:01:39.549000,1.0,SOFT,8.0,1,6.0
RUS,6.0,0 days 00:01:39.493000,1.0,SOFT,9.0,1,6.0
RUS,7.0,0 days 00:01:40.056000,1.0,SOFT,10.0,1,6.0
RUS,8.0,0 days 00:01:40.310000,1.0,SOFT,11.0,1,6.0
RUS,9.0,0 days 00:01:40.420000,1.0,SOFT,12.0,1,6.0
RUS,10.0,0 days 00:01:40.532000,1.0,SOFT,13.0,1,6.0
RUS,11.0,0 days 00:01:41.085000,1.0,SOFT,14.0,1,6.0
RUS,12.0,0 days 00:01:41.112000,1.0,SOFT,15.0,1,5.0
RUS,13.0,0 days 00:01:44.691000,1.0,SOFT,16.0,1,7.0
RUS,14.0,0 days 00:02:01.269000,2.0,HARD,1.0,1,10.0
RUS,15.0,0 days 00:01:37.460000,2.0,HARD,2.0,1,9.0
RUS,16.0,0 days 00:01:37.833000,2.0,HARD,3.0,1,8.0
RUS,17.0,0 days 00:01:38.604000,2.0,HARD,4.0,1,8.0
RUS,18.0,0 days 00:01:38.427000,2.0,HARD,5.0,1,7.0
RUS,19.0,0 days 00:01:38.512000,2.0,HARD,6.0,1,7.0
RUS,20.0,0 days 00:01:38.578000,2.0,HARD,7.0,1,7.0
RUS,21.0,0 days 00:01:38.555000,2.0,HARD,8.0,1,7.0
RUS,22.0,0 days 00:01:38.438000,2.0,HARD,9.0,1,7.0
RUS,23.0,0 days 00:01:38.773000,2.0,HARD,10.0,1,7.0
RUS,24.0,0 days 00:01:38.643000,2.0,HARD,11.0,1,7.0
RUS,25.0,0 days 00:01:38.487000,2.0,HARD,12.0,1,7.0
RUS,26.0,0 days 00:01:38.462000,2.0,HARD,13.0,1,7.0
RUS,27.0,0 days 00:01:38.625000,2.0,HARD,14.0,1,7.0
RUS,28.0,0 days 00:01:38.448000,2.0,HARD,15.0,1,7.0
RUS,29.0,0 days 00:01:38.792000,2.0,HARD,16.0,1,7.0
RUS,30.0,0 days 00:01:38.541000,2.0,HARD,17.0,1,7.0
RUS,31.0,0 days 00:01:41.035000,2.0,HARD,18.0,1,6.0
RUS,32.0,0 days 00:01:58.694000,3.0,HARD,1.0,1,8.0
RUS,33.0,0 days 00:01:37.221000,3.0,HARD,2.0,1,8.0
RUS,34.0,0 days 00:01:37.311000,3.0,HARD,3.0,1,8.0
RUS,35.0,0 days 00:01:37.592000,3.0,HARD,4.0,1,8.0
RUS,36.0,0 days 00:01:37.607000,3.0,HARD,5.0,1,8.0
RUS,37.0,0 days 00:01:37.822000,3.0,HARD,6.0,1,8.0
RUS,38.0,0 days 00:01:37.660000,3.0,HARD,7.0,1,8.0
RUS,39.0,0 days 00:01:37.495000,3.0,HARD,8.0,1,8.0
RUS,40.0,0 days 00:01:38.085000,3.0,HARD,9.0,126,7.0
RUS,41.0,0 days 00:02:06.293000,3.0,HARD,10.0,671,7.0
RUS,42.0,0 days 00:01:37.035000,3.0,HARD,11.0,1,7.0
RUS,43.0,0 days 00:01:37.480000,3.0,HARD,12.0,1,7.0
RUS,44.0,0 days 00:01:37.597000,3.0,HARD,13.0,1,7.0
RUS,45.0,0 days 00:01:37.316000,3.0,HARD,14.0,1,7.0
RUS,46.0,0 days 00:01:37.571000,3.0,HARD,15.0,1,7.0
RUS,47.0,0 days 00:01:37.432000,3.0,HARD,16.0,1,7.0
RUS,48.0,0 days 00:01:37.520000,3.0,HARD,17.0,1,7.0
RUS,49.0,0 days 00:01:37.718000,3.0,HARD,18.0,1,7.0
RUS,50.0,0 days 00:01:37.383000,3.0,HARD,19.0,1,7.0
RUS,51.0,0 days 00:01:37.825000,3.0,HARD,20.0,1,7.0
RUS,52.0,0 days 00:01:37.589000,3.0,HARD,21.0,1,7.0
RUS,53.0,0 days 00:01:37.841000,3.0,HARD,22.0,1,7.0
RUS,54.0,0 days 00:01:37.923000,3.0,HARD,23.0,1,7.0
RUS,55.0,0 days 00:01:37.860000,3.0,HARD,24.0,1,7.0
RUS,56.0,0 days 00:01:37.636000,3.0,HARD,25.0,1,7.0
RUS,57.0,0 days 00:01:37.767000,3.0,HARD,26.0,1,7.0
BOT,1.0,0 days 00:01:44.154000,1.0,SOFT,1.0,12,8.0
BOT,2.0,0 days 00:01:39.956000,1.0,SOFT,2.0,21,8.0
BOT,3.0,0 days 00:01:39.397000,1.0,SOFT,3.0,1,8.0
BOT,4.0,0 days 00:01:39.823000,1.0,SOFT,4.0,1,8.0
BOT,5.0,0 days 00:01:41.033000,1.0,SOFT,5.0,1,9.0
BOT,6.0,0 days 00:01:40.265000,1.0,SOFT,6.0,1,9.0
BOT,7.0,0 days 00:01:40.564000,1.0,SOFT,7.0,1,9.0
BOT,8.0,0 days 00:01:40.387000,1.0,SOFT,8.0,1,9.0
BOT,9.0,0 days 00:01:40.275000,1.0,SOFT,9.0,1,9.0
BOT,10.0,0 days 00:01:40.676000,1.0,SOFT,10.0,1,9.0
BOT,11.0,0 days 00:01:43.269000,1.0,SOFT,11.0,1,9.0
BOT,12.0,0 days 00:01:59.450000,2.0,HARD,1.0,1,14.0
BOT,13.0,0 days 00:01:38.030000,2.0,HARD,2.0,1,10.0
BOT,14.0,0 days 00:01:38.098000,2.0,HARD,3.0,1,8.0
BOT,15.0,0 days 00:01:38.851000,2.0,HARD,4.0,1,7.0
BOT,16.0,0 days 00:01:38.494000,2.0,HARD,5.0,1,6.0
BOT,17.0,0 days 00:01:39.973000,2.0,HARD,6.0,1,7.0
BOT,18.0,0 days 00:01:40.240000,2.0,HARD,7.0,1,8.0
BOT,19.0,0 days 00:01:39.497000,2.0,HARD,8.0,1,8.0
BOT,20.0,0 days 00:01:40.442000,2.0,HARD,9.0,1,9.0
BOT,21.0,0 days 00:01:39.355000,2.0,HARD,10.0,1,9.0
BOT,22.0,0 days 00:01:39.356000,2.0,HARD,11.0,1,9.0
BOT,23.0,0 days 00:01:39.311000,2.0,HARD,12.0,1,9.0
BOT,24.0,0 days 00:01:39.427000,2.0,HARD,13.0,1,9.0
BOT,25.0,0 days 00:01:39.490000,2.0,HARD,14.0,1,9.0
BOT,26.0,0 days 00:01:39.500000,2.0,HARD,15.0,1,9.0
BOT,27.0,0 days 00:01:39.287000,2.0,HARD,16.0,1,9.0
BOT,28.0,0 days 00:01:39.016000,2.0,HARD,17.0,1,9.0
BOT,29.0,0 days 00:01:42.220000,2.0,HARD,18.0,1,9.0
BOT,30.0,0 days 00:01:58.886000,3.0,HARD,1.0,1,11.0
BOT,31.0,0 days 00:01:37.379000,3.0,HARD,2.0,1,10.0
BOT,32.0,0 days 00:01:37.675000,3.0,HARD,3.0,1,9.0
BOT,33.0,0 days 00:01:37.775000,3.0,HARD,4.0,1,9.0
BOT,34.0,0 days 00:01:37.774000,3.0,HARD,5.0,1,9.0
BOT,35.0,0 days 00:01:37.817000,3.0,HARD,6.0,1,9.0
BOT,36.0,0 days 00:01:37.827000,3.0,HARD,7.0,1,9.0
BOT,37.0,0 days 00:01:37.774000,3.0,HARD,8.0,1,9.0
BOT,38.0,0 days 00:01:37.658000,3.0,HARD,9.0,1,9.0
BOT,39.0,0 days 00:01:37.784000,3.0,HARD,10.0,1,9.0
BOT,40.0,0 days 00:01:50.376000,3.0,HARD,11.0,126,8.0
BOT,41.0,0 days 00:01:55.281000,3.0,HARD,12.0,671,8.0
BOT,42.0,0 days 00:01:37.736000,3.0,HARD,13.0,1,8.0
BOT,43.0,0 days 00:01:37.813000,3.0,HARD,14.0,1,8.0
BOT,44.0,0 days 00:01:37.868000,3.0,HARD,15.0,1,8.0
BOT,45.0,0 days 00:01:37.688000,3.0,HARD,16.0,1,8.0
BOT,46.0,0 days 00:01:37.830000,3.0,HARD,17.0,1,8.0
BOT,47.0,0 days 00:01:37.815000,3.0,HARD,18.0,1,8.0
BOT,48.0,0 days 00:01:37.500000,3.0,HARD,19.0,1,8.0
BOT,49.0,0 days 00:01:37.850000,3.0,HARD,20.0,1,8.0
BOT,50.0,0 days 00:01:37.710000,3.0,HARD,21.0,1,8.0
BOT,51.0,0 days 00:01:37.816000,3.0,HARD,22.0,1,8.0
BOT,52.0,0 days 00:01:37.947000,3.0,HARD,23.0,1,8.0
BOT,53.0,0 days 00:01:37.856000,3.0,HARD,24.0,1,8.0
BOT,54.0,0 days 00:01:37.738000,3.0,HARD,25.0,1,8.0
BOT,55.0,0 days 00:01:37.807000,3.0,HARD,26.0,1,8.0
BOT,56.0,0 days 00:01:38.160000,3.0,HARD,27.0,1,8.0
BOT,57.0,0 days 00:01:38.407000,3.0,HARD,28.0,1,8.0
PIA,1.0,0 days 00:01:48.214000,1.0,SOFT,1.0,12,16.0
PIA,2.0,0 days 00:01:40.830000,1.0,SOFT,2.0,21,16.0
PIA,3.0,0 days 00:01:40.691000,1.0,SOFT,3.0,1,16.0
PIA,4.0,0 days 00:01:40.718000,1.0,SOFT,4.0,1,16.0
PIA,5.0,0 days 00:01:40.862000,1.0,SOFT,5.0,1,16.0
PIA,6.0,0 days 00:01:41.111000,1.0,SOFT,6.0,1,16.0
PIA,7.0,0 days 00:01:41.167000,1.0,SOFT,7.0,1,16.0
PIA,8.0,0 days 00:01:41.295000,1.0,SOFT,8.0,1,16.0
PIA,9.0,0 days 00:01:41.534000,1.0,SOFT,9.0,1,16.0
PIA,10.0,0 days 00:01:41.584000,1.0,SOFT,10.0,1,16.0
PIA,11.0,0 days 00:01:41.352000,1.0,SOFT,11.0,1,13.0
PIA,12.0,0 days 00:01:41.156000,1.0,SOFT,12.0,1,11.0
PIA,13.0,0 days 00:02:02.071000,1.0,SOFT,13.0,1,16.0
